name,email_address,password,days,months,years,first_name,last_name,company,address1,address2,country,state,city,zipcode,mobile_number,form_type
EmmaBrown,emma.brown@example.com,P@ssw0rd123,12,5,1990,Emma,Brown,Brown Corp,123 Maple Street,Apt. 5B,India,Tamil Nadu,Chennai,600001,+91-9876543210,create_account
LiamSmith,liam.smith@example.com,ZX8@passwrd,3,9,1985,Liam,Smith,Smith Ltd,456 Oak Avenue,Suite 3A,India,Maharashtra,Mumbai,400001,+91-9123456789,create_account
AvaJones,ava.jones@example.com,Js7&L0gicP,21,2,1992,Ava,Jones,Jones & Co,789 Pine Blvd,Block C,India,Karnataka,Bangalore,560001,+91-9988776655,create_account
NoahTaylor,noah.taylor@example.com,L8w!2EpRtp,15,7,1988,Noah,Taylor,Taylor Group,321 Cedar Rd,Unit 12,India,West Bengal,Kolkata,700001,+91-9001122334,create_account
SophiaWilson,sophia.wilson@example.com,Bg6^Kr1ox,28,10,1995,Sophia,Wilson,Wilson Tech,654 Birch Lane,Floor 2,India,Delhi,New Delhi,110001,+91-9776655443,create_account
JamesLee,james.lee@example.com,PassX2!lke,6,11,1980,James,Lee,Lee Services,987 Willow Dr,Suite 8,India,Uttar Pradesh,Lucknow,226001,+91-9887766554,create_account
IsabellaClark,isabella.clark@example.com,Ft5#qWe72,9,3,1993,Isabella,Clark,Clark Consulting,234 Spruce St,Apt. 21,India,Punjab,Amritsar,143001,+91-9665544332,create_account
BenjaminHall,benjamin.hall@example.com,77Hj@1lck3,17,8,1982,Benjamin,Hall,Hall Pvt Ltd,567 Elm Ave,3rd Floor,India,Rajasthan,Jaipur,302001,+91-9554433221,create_account
MiaYoung,mia.young@example.com,Zr$3Tuvx!,1,6,1998,Mia,Young,Young Digital,890 Palm Rd,Block D,India,Gujarat,Ahmedabad,380001,+91-9332211000,create_account
LucasWalker,lucas.walker@example.com,Dj#22LpRa9,25,1,1991,Lucas,Walker,Walker Innovations,123 Chestnut Way,Room 7,India,Kerala,Kochi,682001,+91-9445566778,create_account
CharlotteHarris,charlotte.harris@example.com,Js7&L0gicP,30,12,1987,Charlotte,Harris,Harris Enterprises,456 Oak Street,Unit 1,India,Odisha,Cuttack,752001,+91-9988776655,create_account